id,location,name,source,years_experience
CAND-24c173b9-b7f2-4572-bdef-a84993364f7e,Sancheztown,Michelle Cruz,Company Website,9
CAND-8bc78e81-5a30-4528-8b59-95622227219f,Williamsbury,Colleen Brock,Referral,10
CAND-c359810a-71a6-414c-9f3c-44dc5ef787b8,Stephaniemouth,Mary Travis,Agency,2
CAND-51d08109-fc90-4838-9874-1408f7b217c7,Merrittfort,Stephanie Simmons,LinkedIn,11
CAND-3da06476-f778-4676-b50d-112e8164ceec,Simsview,Destiny Strickland,Agency,6
CAND-fd98fe33-6498-4be9-a999-bbef518b2f21,East Edwardfurt,Cynthia Rogers,Agency,9
CAND-b6d1f6bb-f48f-409c-89a2-24410ac4de85,Brownchester,Jason Daniels,Indeed,2
CAND-9a4ffc0c-9165-42ed-8c63-6e95025f5543,Woodsstad,Alicia Gilmore,Indeed,3
CAND-22319050-f515-4494-b818-cfd33889936a,South Jeffrey,Tiffany Barnes,Referral,15
CAND-72d35458-61ea-4f30-a42e-707afe2bd987,Ramseymouth,George Shelton,Company Website,12
CAND-8a2db2e6-3bfd-48a6-b05f-ddf566fadca0,North Dawnberg,Ms. Susan Vargas,LinkedIn,6
CAND-2253e706-87ad-4b26-8eaa-58416aa0426d,Murphyfurt,David Murphy,Referral,12
CAND-2b54ff7a-5a28-47b2-8b83-83f2bb96f602,West Jeffreyland,Bradley Smith,Agency,4
CAND-0e5d8c6a-79db-4862-8d7d-d772608e2f5c,New Elijahberg,Tiffany Gonzalez,Referral,0
CAND-ca5e151b-23d3-4d4c-bd5f-f093c16f9bcc,Katieburgh,Kristy Robinson,Agency,2
CAND-6e3cdd4f-55b1-45e4-b0b2-7304545cd88d,West Barbarafurt,Carla Collins,Indeed,4
CAND-34f541c0-c8c5-4b2a-b490-adeb57d337d3,Lake Kendraville,Michael Burton,Indeed,15
CAND-637ddcd6-98d3-448b-903b-4078a39c9ec6,Alexanderchester,Jeffrey Wood,Agency,12
CAND-6b11b7cb-6372-4424-82c5-6b21243012da,Zimmermanchester,Tyler Reid,Agency,4
CAND-34e50699-c8eb-427a-a3a4-e70e9dbc15c0,Marshallshire,Debra Morton,LinkedIn,6
CAND-9033da65-87cf-43fd-9183-6c4f249204c7,Port Steven,Angelica Keith,Agency,0
CAND-3e9639ba-0ed2-4c9d-bd17-5712d8b22277,West Lauren,Samuel White,Company Website,2
CAND-4350ab06-1059-4a28-861b-4f5b45a08539,New Stacyland,Kyle Beard,Company Website,2
CAND-e09016b6-b186-45a8-96ee-526ba2cd1590,Westtown,Peter Vaughn DDS,Indeed,0
CAND-d1e91691-a320-4116-a22d-f6a48163b6ce,Thomashaven,Jared Sanchez,LinkedIn,12
CAND-e9a53368-5812-4eb2-bc13-f47ac80c2195,Jerryborough,Michael Nelson,Company Website,10
CAND-b18d2c8c-8fdd-4ebc-b7ff-88d4b509f08a,East Joanna,Tiffany Vaughn,Referral,11
CAND-4b6797a1-166e-4fe3-ad77-959500fa0eb4,Jeremyburgh,Veronica Wall,Referral,15
CAND-6319629b-d73e-4bb9-8f9c-a17b8db8dadf,New Kellyberg,Joseph Hill,Agency,13
CAND-f96671a5-4cec-495b-a267-16e33a5b6ac5,Petersonton,Laura Harrison,Indeed,14
CAND-99e4704c-2c56-40cd-a5ba-247221df5609,East Edwardshire,Austin Vasquez,Referral,0
CAND-0dd70158-69c1-45ae-8c61-0ae887a37f10,Port Alexandra,Bailey Duran DDS,Referral,4
CAND-bb0c7919-330c-4ff5-88a5-fa0d09a85dc5,Torreston,Elizabeth Chapman,LinkedIn,11
CAND-40b374f8-8c1a-42c7-9fa3-ed1f61584f88,East Johnside,Christine Clark,Referral,15
CAND-170fa87b-f30e-44fe-a62e-55597e7d9a19,Carterbury,Jason Norris,LinkedIn,2
CAND-b9493906-939f-44eb-be5e-215ec47cc30b,Kristinshire,Jordan Mcdaniel,Indeed,7
CAND-0be7728e-6a1a-4a9d-81d4-8a101b968925,North Brian,Maria Kerr,Company Website,3
CAND-c7eab19b-de6c-436b-9edd-218233fd862d,South Haleyfurt,Laura Roberts,Referral,14
CAND-54eb4c91-b784-4e08-b58f-c8fa0614ac41,Cassandratown,Bobby Williams MD,LinkedIn,1
CAND-bf2b43b4-22e9-4527-b849-1ecc889157fd,Port Emilyview,Michael Valencia,Agency,12
CAND-2cff45f8-1bdc-44a9-8d3a-5d767caa281b,Moonburgh,Casey Stone,Indeed,2
CAND-a7668617-78db-4de3-8a28-4792ffaca645,Baileymouth,Robert Costa,Indeed,4
CAND-13ed280a-d5e1-4d1f-a5f2-2dfba741104b,Elainefurt,Erin Steele,Company Website,8
CAND-29476f54-973e-429c-b5f0-b1be7aa1219a,Port Richardhaven,Brandon King,LinkedIn,13
CAND-2baa43c9-7b4e-4ecd-9e07-87b178ae8d5d,New Michael,Kimberly Gutierrez,Company Website,7
CAND-dae13586-2358-455c-bc5c-3cd865ebd4dc,Samuelfort,Christina Dunn,Referral,3
CAND-89b4094a-e048-41de-81f8-3199f4eae769,West Andrea,Lisa Allen,Company Website,8
CAND-7b777e71-d917-48f8-8ad1-c18cf53f091e,Valentineberg,Willie Durham,Agency,11
CAND-411920f6-d056-4199-b728-ddc20f5e8b47,Sanchezside,Denise Davenport,LinkedIn,15
CAND-86d895e5-219b-406d-a05c-8491a06109db,Port Chad,Kyle Francis,LinkedIn,5
